Rk,Team,Seed,Conf,W,L,AdjEM,AdjO,AdjO_R,AdjD,AdjD_R,AdjT,AdjT_R,Luck,Luck_R,AdjEM2,AdjEM_R,OppO,OppO_R,OppD,OppD_R,AdjEM3,AdjEM_R4,R64,R32,R16,R8,R4,R2,Winner,Conference,year
3,Indiana,1,B10,29,7,29.31,120.8,2,91.5,19,66,105,-0.021,239,8.86,17,106.7,23,97.8,14,-5.16,294,1,1,1,0,0,0,0,E,2013
1,Louisville,1,BE,35,5,32.92,117.7,7,84.8,1,65.8,116,-0.016,230,10.23,7,107.4,11,97.2,6,2.15,100,1,1,1,1,1,1,1,M,2013
8,Kansas,1,B12,31,6,25.23,112.7,27,87.5,5,66.4,86,0.01,153,7.05,40,106.8,19,99.8,66,2.64,87,1,1,1,0,0,0,0,S,2013
5,Gonzaga,1,WCC,32,3,27.81,120.5,3,92.7,30,63.3,232,0.026,116,4.37,87,105.4,75,101,102,5.03,39,1,1,0,0,0,0,0,W,2013
13,Miami FL,2,ACC,29,7,22.37,113.6,22,91.3,18,61.9,281,0.028,108,8.41,20,107.7,9,99.3,54,4.96,42,1,1,1,0,0,0,0,E,2013
6,Duke,2,ACC,30,6,26.98,119.1,4,92.1,26,66.7,75,0.033,97,9.95,10,108.4,4,98.5,29,6.85,18,1,1,1,1,0,0,0,M,2013
16,Georgetown,2,BE,25,7,21.24,107.6,80,86.4,4,61.2,300,0.038,82,7.42,33,106.3,34,98.9,43,-6.15,312,1,0,0,0,0,0,0,S,2013
7,Ohio St.,2,B10,29,8,25.42,115.1,14,89.7,9,63.6,218,0.02,135,10.18,9,107.3,12,97.1,5,-5.53,302,1,1,1,1,0,0,0,W,2013
26,Marquette,3,BE,26,9,18.32,113.2,24,94.9,45,63.3,230,0.09,11,9.28,13,105.9,49,96.6,1,-1.14,196,1,1,1,1,0,0,0,E,2013
10,Michigan St.,3,B10,27,9,24.17,112.6,29,88.5,7,63.1,238,0.001,174,11.91,1,108.8,2,96.9,2,-0.75,183,1,1,1,0,0,0,0,M,2013
2,Florida,3,SEC,29,8,31.18,117.2,9,86,3,61.9,280,-0.089,332,7,41,105.6,63,98.6,36,4.09,62,1,1,1,1,0,0,0,S,2013
23,New Mexico,3,MWC,29,6,19.02,109.9,53,90.9,16,63.7,214,0.073,27,7.98,25,106.4,31,98.4,25,4.42,51,1,0,0,0,0,0,0,W,2013
9,Syracuse,4,BE,30,10,24.83,113.1,26,88.3,6,63.1,235,-0.004,188,9.46,11,106.8,20,97.4,9,-4.44,282,1,1,1,1,1,0,0,E,2013
19,Saint Louis,4,A10,28,7,20.01,108.6,71,88.6,8,63.8,213,0,179,3.91,97,104.5,101,100.6,91,-3.98,273,1,1,0,0,0,0,0,M,2013
4,Michigan,4,B10,31,8,27.86,121.9,1,94,37,64,198,-0.007,197,11.13,3,108.2,5,97,3,-3.09,257,1,1,1,1,1,1,0,S,2013
27,Kansas St.,4,B12,27,8,18.16,113.5,23,95.3,52,61.4,296,0.051,51,6.82,47,106.1,38,99.3,55,-3.29,264,1,0,0,0,0,0,0,W,2013
38,UNLV,5,MWC,25,10,16.07,106,115,90,12,67.9,42,-0.015,226,6.23,59,106.1,37,99.9,70,-0.28,162,1,0,0,0,0,0,0,E,2013
24,Oklahoma St.,5,B12,24,9,18.69,109,66,90.3,14,66.1,104,-0.016,229,6.38,57,106.8,22,100.4,86,-2.26,235,1,0,0,0,0,0,0,M,2013
18,VCU,5,A10,27,9,20.28,114,20,93.7,36,66.4,91,0.002,171,5.09,76,105.8,56,100.7,97,-0.22,161,1,1,0,0,0,0,0,S,2013
12,Wisconsin,5,B10,23,12,22.57,108.3,73,85.7,2,60.4,319,-0.033,268,11.08,4,108.8,1,97.7,12,-3.2,262,1,0,0,0,0,0,0,W,2013
42,Butler,6,A10,27,9,15.41,110.5,47,95.1,48,63.6,217,0.087,14,7.53,30,106.8,21,99.3,53,4.18,57,1,1,0,0,0,0,0,E,2013
37,Memphis,6,CUSA,31,5,16.33,107.3,85,91,17,68.3,31,0.056,39,1.9,120,104.8,93,102.9,161,0.43,138,1,1,0,0,0,0,0,M,2013
46,UCLA,6,P12,25,10,14.53,111.1,42,96.6,67,68.1,35,0.068,32,8.06,22,105.9,44,97.9,16,0.43,139,1,0,0,0,0,0,0,S,2013
14,Arizona,6,P12,27,8,21.88,115.4,13,93.5,32,65.5,133,-0.012,214,7.99,24,106.4,29,98.5,27,1.45,116,1,1,1,0,0,0,0,W,2013
39,Illinois,7,B10,23,13,15.82,110.6,46,94.8,44,64.6,180,0.042,71,10.84,5,108.1,6,97.3,8,-0.8,185,1,1,0,0,0,0,0,E,2013
15,Creighton,7,MVC,28,8,21.75,118.3,5,96.5,66,63.8,211,-0.009,208,5.73,67,105.5,74,99.7,65,1.63,113,1,1,0,0,0,0,0,M,2013
31,San Diego St.,7,MWC,23,11,17.43,107.7,78,90.3,13,65.5,132,-0.049,294,7.65,29,106.6,24,98.9,45,1.92,106,1,1,0,0,0,0,0,S,2013
36,Notre Dame,7,BE,25,10,16.65,114.6,17,97.9,86,60.3,320,0.046,62,6.53,54,105.1,82,98.6,34,-6.61,318,1,0,0,0,0,0,0,W,2013
33,N.C. State,8,ACC,24,11,16.99,116.8,10,99.8,122,66.8,69,-0.032,259,6.54,53,106.1,40,99.5,61,-0.36,167,1,0,0,0,0,0,0,E,2013
22,Colorado St.,8,MWC,26,9,19.12,117.9,6,98.8,104,63.8,210,0.02,133,7.17,37,105.8,57,98.6,32,-0.49,173,1,1,0,0,0,0,0,M,2013
32,North Carolina,8,ACC,25,11,17.14,112.2,31,95.1,47,69.6,12,0.038,86,8.57,19,106.6,25,98,17,-0.95,189,1,1,0,0,0,0,0,S,2013
11,Pittsburgh,8,BE,24,9,24.08,115.6,12,91.5,21,59.3,337,-0.058,304,4.52,84,104.9,89,100.4,87,-9.69,340,1,0,0,0,0,0,0,W,2013
59,Temple,9,A10,24,10,12.67,111.3,39,98.6,100,65.6,121,0.038,87,5.48,72,105.7,58,100.2,82,0.82,130,1,1,0,0,0,0,0,E,2013
25,Missouri,9,SEC,23,11,18.53,114.9,15,96.4,63,66.3,93,-0.032,263,5.62,70,105.1,83,99.5,59,-2.02,225,1,0,0,0,0,0,0,M,2013
53,Villanova 9,9,BE,20,14,13.57,106.3,113,92.7,29,66.4,88,0.011,150,9.41,12,106.5,27,97.1,4,0.3,143,1,0,0,0,0,0,0,S,2013
17,Wichita St.,9,MVC,30,9,20.31,111.8,35,91.5,20,63.8,208,-0.002,185,6.71,51,106.9,17,100.2,79,0.17,152,1,1,1,1,1,0,0,W,2013
45,Colorado,10,P12,21,12,14.62,106.5,109,91.9,23,63.7,215,0.029,104,9.15,15,107.3,13,98.1,18,3.8,67,1,0,0,0,0,0,0,E,2013
40,Cincinnati,10,BE,22,12,15.57,105.9,118,90.4,15,63,243,-0.012,215,7.31,35,105.6,66,98.3,23,-5.68,304,1,0,0,0,0,0,0,M,2013
51,Oklahoma,10,B12,20,12,13.8,111.1,41,97.3,80,65.2,141,0.004,166,7.8,27,106.4,30,98.6,31,2.47,91,1,0,0,0,0,0,0,S,2013
30,Iowa St.,10,B12,23,12,17.63,117.5,8,99.8,123,68.3,30,-0.046,288,6.74,50,105.5,71,98.7,40,-3.12,258,1,1,0,0,0,0,0,W,2013
58,Bucknell,11,Pat,28,6,12.72,107.3,87,94.6,43,61.9,282,-0.014,220,-1.72,178,102.4,160,104.1,223,2.78,84,1,0,0,0,0,0,0,E,2013
21,Saint Mary's,11,WCC,28,7,19.33,116.1,11,96.8,73,62.9,246,0.023,122,3.18,109,104.9,92,101.7,117,-0.49,172,1,0,0,0,0,0,0,M,2013
20,Minnesota,11,B10,21,13,19.85,114.8,16,95,46,62.3,274,-0.036,273,11.22,2,108.5,3,97.3,7,2.07,103,1,1,0,0,0,0,0,S,2013
43,Belmont,11,OVC,26,7,14.92,111.6,37,96.6,69,65.9,114,0.013,144,-0.74,157,103.8,118,104.6,244,5.39,33,1,0,0,0,0,0,0,W,2013
56,California,12,P12,21,12,13.11,107.3,88,94.2,39,64.9,159,0.041,77,8.35,21,106,43,97.6,10,2.12,101,1,1,0,0,0,0,0,E,2013
35,Oregon,12,P12,28,9,16.78,106.6,105,89.8,11,67.9,37,0.052,47,5.92,62,105.1,84,99.2,50,-8.08,332,1,1,1,0,0,0,0,M,2013
62,Akron,12,MAC,26,7,11.52,106.8,101,95.2,50,65.2,140,0.085,17,-0.35,147,102.4,157,102.7,150,0.28,147,1,0,0,0,0,0,0,S,2013
34,Mississippi,12,SEC,27,9,16.95,112.3,30,95.3,51,69.2,19,-0.011,213,3.19,108,103.4,131,100.2,80,-7.55,326,1,1,0,0,0,0,0,W,2013
145,Montana,13,BSky,25,7,2.14,104.9,134,102.8,173,62.7,253,0.175,1,-5.21,276,101.8,186,107,337,8.71,10,1,0,0,0,0,0,0,E,2013
88,New Mexico St.,13,WAC,24,11,7.68,104.7,137,97.1,76,63.8,212,0.039,78,0.36,138,102.7,148,102.3,135,3.94,64,1,0,0,0,0,0,0,M,2013
96,South Dakota St.,13,Sum,25,10,6.79,112,33,105.2,223,62.6,261,0.03,103,-3.31,231,102,174,105.3,280,4.11,59,1,0,0,0,0,0,0,S,2013
50,La Salle,13,A10,24,10,13.89,111.8,34,98,87,64.6,177,0.051,50,5.67,68,105.8,53,100.1,77,-0.5,174,1,1,1,0,0,0,0,W,2013
66,Davidson,14,SC,26,8,11.36,112.1,32,100.7,136,63.9,205,-0.002,186,-5.09,269,100.3,266,105.4,283,6.42,23,1,0,0,0,0,0,0,E,2013
65,Valparaiso,14,Horz,26,8,11.42,110.7,44,99.3,111,64.3,188,0.021,130,-1.5,173,101.5,207,103,168,-3.18,261,1,0,0,0,0,0,0,M,2013
138,Northwestern St.,14,Slnd,23,9,2.82,106.6,106,103.8,195,71.9,1,0.075,25,-3.56,235,99.6,297,103.2,179,8.11,12,1,0,0,0,0,0,0,S,2013
93,Harvard,14,Ivy,20,10,7.07,108.1,74,101.1,140,63.3,229,0.037,89,0.6,133,102.8,145,102.2,126,5.07,38,1,1,0,0,0,0,0,W,2013
128,Pacific,15,BW,22,13,3.96,106.1,114,102.2,158,62.2,275,0.074,26,0.86,130,104.2,111,103.3,187,9.06,7,1,0,0,0,0,0,0,E,2013
150,Albany,15,AE,24,11,1.36,102.6,171,101.3,144,61.7,289,0.082,18,-5.19,275,98.6,318,103.8,210,-6.61,319,1,0,0,0,0,0,0,M,2013
105,Florida Gulf Coast,15,ASun,26,11,6.27,104.9,136,98.6,99,67.9,41,0.039,79,-2.79,213,101.3,215,104.1,221,4.57,48,1,1,1,0,0,0,0,S,2013
89,Iona,15,MAAC,20,14,7.45,114.4,18,106.9,256,69.7,10,-0.07,317,0.94,129,102.4,159,101.4,111,4.09,61,1,0,0,0,0,0,0,W,2013
182,James Madison,16,CAA,21,15,-0.92,100.2,218,101.1,141,62.9,248,0.063,34,-3.42,233,101.9,180,105.3,279,-4.5,283,1,0,0,0,0,0,0,E,2013
227,North Carolina A&T,16,MEAC,20,17,-5.3,93.2,311,98.5,96,65.5,134,0.037,90,-6.98,318,97.2,329,104.2,229,-1.55,211,1,0,0,0,0,0,0,M,2013
173,Western Kentucky,16,SB,20,16,-0.41,101.8,188,102.2,157,64.6,179,0.029,105,-2.47,199,100.9,235,103.3,186,3.24,75,1,0,0,0,0,0,0,S,2013
162,Southern,16,SWAC,23,10,0.5,99.3,231,98.8,103,63.4,222,-0.031,257,-11.47,347,95.2,347,106.7,331,4.12,58,1,0,0,0,0,0,0,W,2013
5,Wisconsin,2,B10,30,8,25.89,122,4,96.1,35,62.4,286,0.019,133,11.44,3,110.2,13,98.8,2,3.33,68,1,1,1,1,1,0,0,W,2014
3,Florida,1,SEC,36,3,28.57,116.5,19,88,3,61.3,318,0.053,68,9.02,22,109.4,32,100.4,14,2.39,94,1,1,1,1,1,0,0,S,2014
13,Kentucky,8,SEC,29,11,22.55,118.3,14,95.8,32,64,217,-0.025,240,10.73,5,110.5,7,99.8,6,4.19,60,1,1,1,1,1,1,0,M,2014
15,Connecticut,7,Amer,32,8,22.13,113.6,39,91.5,10,63.2,254,0.08,23,9.43,13,109.7,24,100.3,11,0.91,134,1,1,1,1,1,1,1,E,2014
2,Arizona,1,P12,33,5,30.11,116.5,20,86.4,1,62.8,272,0.014,151,9.3,17,109.9,20,100.6,18,1.62,113,1,1,1,1,0,0,0,W,2014
42,Dayton,11,A10,26,11,14.25,113.8,37,99.6,72,63.8,223,0.038,93,6.25,63,107.7,79,101.4,51,-0.57,178,1,1,1,1,0,0,0,S,2014
12,Michigan,2,B10,28,9,23.44,123.9,3,100.5,89,61,330,0.047,76,11.65,2,110.3,12,98.6,1,0.62,142,1,1,1,1,0,0,0,M,2014
9,Michigan St.,4,B10,29,9,23.92,118.6,13,94.7,21,64.4,188,-0.003,192,10.44,6,110.2,15,99.7,5,0.57,144,1,1,1,1,0,0,0,E,2014
120,American,15,Pat,20,13,4.57,103.4,206,98.9,61,59.7,343,0.007,165,-2.59,208,103.6,218,106.2,210,-0.1,163,1,0,0,0,0,0,0,W,2014
26,Baylor,6,B12,26,12,19.39,118.9,10,99.5,70,61.3,319,0.012,157,10.31,7,111,3,100.6,20,-0.36,171,1,1,1,0,0,0,0,W,2014
49,BYU,10,WCC,23,12,13.77,114.5,31,100.7,93,70.8,6,-0.004,194,6.59,60,109.6,26,103,98,8.43,17,1,0,0,0,0,0,0,W,2014
17,Creighton,3,BE,27,8,21.72,124.2,2,102.5,124,63.6,237,0.024,128,7.5,48,108.5,58,101,35,1.31,122,1,1,0,0,0,0,0,W,2014
24,Gonzaga,8,WCC,29,7,20.14,114,35,93.8,18,65,154,0.016,146,5.05,83,109,42,103.9,110,2.2,100,1,1,0,0,0,0,0,W,2014
113,Louisiana Lafayette,14,SB,23,12,5.19,110.2,89,105,167,68.5,31,0.038,91,-0.57,161,105,150,105.6,181,4.65,55,1,0,0,0,0,0,0,W,2014
56,Nebraska,11,B10,19,13,12.64,108.8,111,96.1,36,64.7,170,0.047,77,9.3,18,108.4,61,99.1,3,-1.95,217,1,0,0,0,0,0,0,W,2014
72,New Mexico St.,13,WAC,26,10,10.54,112.9,45,102.4,117,65.2,148,-0.03,246,-3.64,234,103,258,106.7,225,2.6,88,1,0,0,0,0,0,0,W,2014
61,North Dakota St.,12,Sum,26,7,11.76,115.5,25,103.7,144,62.3,292,0.089,17,1.38,121,106.8,105,105.4,173,5.32,44,1,1,0,0,0,0,0,W,2014
30,Oklahoma,5,B12,23,10,17.9,117.9,16,100,82,69.6,17,-0.022,232,9.13,20,110.2,16,101,38,0.5,147,1,0,0,0,0,0,0,W,2014
21,Oklahoma St.,9,B12,21,13,20.98,115.9,22,95,24,67.2,59,-0.11,343,9.06,21,109.9,19,100.8,28,-1.15,194,1,0,0,0,0,0,0,W,2014
28,Oregon,7,P12,24,10,19.02,118.9,8,99.9,79,67.5,50,-0.037,262,7.39,50,109.1,37,101.8,62,-1.18,197,1,1,0,0,0,0,0,W,2014
23,San Diego St.,4,MWC,31,5,20.38,110.4,86,90,7,62.3,294,0.067,37,5.18,79,108,68,102.8,96,2.71,86,1,1,1,0,0,0,0,W,2014
172,Weber St.,16,BSky,19,12,-0.62,106.4,149,107,213,62.9,263,-0.009,203,-6.78,304,103.3,238,110,338,6.69,30,1,0,0,0,0,0,0,W,2014
181,Albany,16,AE,19,15,-1.04,102.9,217,103.9,148,61.6,314,0.002,181,-5.12,270,101.5,311,106.6,224,0.91,135,1,0,0,0,0,0,0,S,2014
67,Colorado,8,P12,23,12,11.2,107.7,129,96.5,42,64.8,167,0.12,3,8.74,26,109.5,27,100.8,26,1.71,110,1,0,0,0,0,0,0,S,2014
125,Eastern Kentucky,15,OVC,24,10,3.96,112.4,55,108.4,235,64.2,203,0.036,96,-4.97,268,104.1,189,109,314,-5.04,304,1,0,0,0,0,0,0,S,2014
7,Kansas,2,B12,25,10,24.6,119.3,6,94.7,22,66.6,83,-0.051,295,12.13,1,112.2,1,100,7,9.47,11,1,1,0,0,0,0,0,S,2014
33,New Mexico,7,MWC,27,7,17.15,113.5,41,96.3,39,64.4,191,0.032,106,4.83,88,107.7,78,102.9,97,3.24,69,1,0,0,0,0,0,0,S,2014
19,Ohio St.,6,B10,25,10,21.3,109.3,103,88,2,64,218,-0.043,275,7.8,39,109.2,36,101.4,50,-3.36,267,1,0,0,0,0,0,0,S,2014
16,Pittsburgh,9,ACC,26,10,21.89,116.9,18,95,25,62.2,295,-0.038,264,7.62,44,108,69,100.4,13,-3.66,275,1,1,0,0,0,0,0,S,2014
34,Stanford,10,P12,23,13,16.06,112.4,54,96.4,40,65.3,147,0.016,144,9.42,14,110.2,17,100.7,25,2.34,97,1,1,1,0,0,0,0,S,2014
70,Stephen F. Austin,12,Slnd,32,3,10.83,112.3,58,101.5,105,61.2,323,0.073,33,-7.12,309,102,298,109.2,316,-4.19,286,1,1,0,0,0,0,0,S,2014
18,Syracuse,3,ACC,28,6,21.62,114.6,28,93,13,59.6,344,0.016,141,7.23,55,109.4,33,102.2,74,-1.01,189,1,1,0,0,0,0,0,S,2014
82,Tulsa,13,CUSA,21,13,8.93,106.1,159,97.2,51,66.8,72,-0.023,234,0.57,136,104.9,154,104.3,124,2.81,82,1,0,0,0,0,0,0,S,2014
14,UCLA,4,P12,28,9,22.53,118.7,11,96.1,37,68.4,33,-0.019,224,7.63,43,109.1,39,101.5,58,-3.26,262,1,1,1,0,0,0,0,S,2014
25,VCU,5,A10,26,9,19.8,109.2,106,89.4,6,68.9,22,-0.058,308,5.45,77,107.4,88,102,66,1.33,118,1,0,0,0,0,0,0,S,2014
131,Western Michigan,14,MAC,23,10,3.36,106.3,152,103,130,65.2,151,0.098,10,-1.86,188,103.9,202,105.7,187,-3.25,261,1,0,0,0,0,0,0,S,2014
39,Arizona St.,10,P12,21,12,14.82,111.2,67,96.4,41,67.4,58,0.003,180,7.5,47,108.6,53,101.1,41,-2.6,234,1,0,0,0,0,0,0,M,2014
176,Cal Poly,16,BW,14,20,-0.82,103.6,202,104.4,159,58.8,347,-0.044,276,2.38,111,107.4,89,105,158,10.19,9,1,0,0,0,0,0,0,M,2014
8,Duke,3,ACC,26,9,24.25,124.7,1,100.4,86,64.6,179,-0.035,255,8.76,25,109.2,34,100.5,17,2.4,93,1,0,0,0,0,0,0,M,2014
45,Kansas St.,9,B12,20,13,14.1,107.8,125,93.7,16,63.3,247,0.001,185,8.17,35,110.5,8,102.3,81,-4.06,285,1,0,0,0,0,0,0,M,2014
1,Louisville,4,Amer,31,6,30.41,118.9,7,88.5,5,67.2,60,-0.045,278,4.31,95,107,100,102.7,93,-4.65,295,1,1,1,0,0,0,0,M,2014
74,Manhattan,13,MAAC,25,8,10.21,107.2,134,97,46,67.7,46,-0.008,202,-0.2,152,105.6,128,105.8,191,3.46,65,1,0,0,0,0,0,0,M,2014
50,Massachusetts,6,A10,24,9,13.46,110,91,96.5,43,70.3,11,0.065,40,7.33,52,108,71,100.6,19,5.53,40,1,0,0,0,0,0,0,M,2014
87,Mercer,14,ASun,27,9,8.34,110.8,75,102.4,119,63.6,233,0.022,130,-4.44,248,103.6,216,108,279,4.65,56,1,1,0,0,0,0,0,M,2014
62,N.C. State,12,ACC,22,14,11.6,114,34,102.4,121,64.7,172,0.065,39,7.77,40,108.4,60,100.7,21,-4.31,289,1,0,0,0,0,0,0,M,2014
35,Saint Louis,5,A10,27,7,15.72,105.7,168,90,8,65.6,124,0.04,88,5.04,85,107.2,96,102.2,75,-1.5,206,1,1,0,0,0,0,0,M,2014
10,Tennessee,11,SEC,24,13,23.69,117.9,15,94.2,19,61.6,313,-0.099,341,8.12,36,108.9,46,100.8,29,1.46,115,1,1,1,0,0,0,0,M,2014
41,Texas,7,B12,24,11,14.52,111.8,61,97.3,53,66.8,70,0.092,14,9.61,10,110.9,4,101.3,46,-1.74,213,1,1,0,0,0,0,0,M,2014
6,Wichita St.,1,MVC,35,1,25.36,117.8,17,92.4,11,63.5,243,-0.009,205,1.04,125,105.8,119,104.8,144,2.89,79,1,1,0,0,0,0,0,M,2014
192,Wofford,15,SC,20,13,-1.94,100.6,252,102.6,125,60.5,337,0.025,125,-5.87,287,103.5,224,109.3,320,7.63,22,1,0,0,0,0,0,0,M,2014
27,Cincinnati,5,Amer,27,7,19.24,109.7,98,90.4,9,61.1,328,0.036,97,4.72,92,107.3,93,102.6,88,-4.57,294,1,0,0,0,0,0,0,E,2014
221,Coastal Carolina,16,BSth,21,13,-4.98,98.2,290,103.2,133,65.6,125,0.04,89,-8.1,332,102.1,297,110.2,342,-4.94,301,1,0,0,0,0,0,0,E,2014
106,Delaware,13,CAA,25,10,5.83,112,60,106.2,192,70.4,10,0.064,41,-0.68,163,105.2,146,105.9,199,2.88,80,1,0,0,0,0,0,0,E,2014
47,George Washington,9,A10,24,9,13.82,110.8,74,97,47,65.3,144,0.056,61,5.56,74,107.3,95,101.7,61,-0.08,162,1,0,0,0,0,0,0,E,2014
32,Harvard,12,Ivy,27,5,17.58,112.9,47,95.3,27,64.1,211,0.02,131,0.13,146,104.5,170,104.3,125,0.98,130,1,1,0,0,0,0,0,E,2014
20,Iowa St.,3,B12,28,8,21.07,118.9,9,97.8,55,70.2,12,0.064,42,10.77,4,111.1,2,100.4,12,1.44,117,1,1,1,0,0,0,0,E,2014
36,Memphis,8,Amer,24,10,15.22,112.4,56,97.1,50,67.5,53,0.048,73,7.25,54,108.3,63,101.1,39,0.02,160,1,1,0,0,0,0,0,E,2014
168,Milwaukee,15,Horz,21,14,0.08,104.7,188,104.6,164,65.8,115,0.119,4,0.03,150,104.4,173,104.4,128,-2.92,247,1,0,0,0,0,0,0,E,2014
29,North Carolina,6,ACC,24,10,18.44,112.6,48,94.2,20,69.2,18,0,186,8.83,23,110.5,9,101.6,60,1.31,121,1,1,0,0,0,0,0,E,2014
92,North Carolina Central,14,MEAC,28,6,7.98,108.6,114,100.7,92,62.3,293,0.04,87,-10.35,347,98.1,349,108.5,289,-1.94,216,1,0,0,0,0,0,0,E,2014
48,Providence,11,BE,23,12,13.81,114.6,30,100.8,94,62.9,264,0.051,69,8.35,31,109.2,35,100.8,32,0.81,139,1,0,0,0,0,0,0,E,2014
55,Saint Joseph's,10,A10,24,10,12.93,112.3,57,99.4,68,64.3,198,0.079,25,6.18,64,107.5,85,101.3,45,0.17,156,1,0,0,0,0,0,0,E,2014
11,Villanova,2,BE,29,5,23.68,116.3,21,92.6,12,66,103,0.075,30,7.47,49,110.1,18,102.6,90,2.61,87,1,1,0,0,0,0,0,E,2014
4,Virginia,1,ACC,30,7,26.46,114.8,27,88.3,4,59.5,345,0.012,154,8.67,28,109.4,31,100.8,27,1.57,114,1,1,1,0,0,0,0,E,2014
109,Wyoming,12,MWC,25,10,5.67,104.8,164,99.1,80,59.1,343,0.083,21,-1.04,161,103,210,104.1,141,-10.31,343,1,0,0,0,0,0,0,E,2015
131,Albany,14,AE,24,9,3.29,107.2,116,103.9,162,60.8,323,0.054,56,-5.5,297,100.4,325,105.9,229,0.18,154,1,0,0,0,0,0,0,E,2015
14,Baylor,3,B12,24,10,22.14,116.6,13,94.5,23,61.5,307,-0.035,268,10.22,13,108.9,22,98.7,6,-0.51,172,1,0,0,0,0,0,0,W,2015
142,Belmont,15,OVC,22,11,2.27,110.2,65,107.9,240,66.9,57,0.065,41,-3.33,225,102.4,250,105.7,222,-1.68,209,1,0,0,0,0,0,0,E,2015
16,Iowa St.,3,B12,25,9,21.49,119,12,97.5,59,69.6,10,0.005,173,10.59,6,109,18,98.5,4,-1.18,192,1,0,0,0,0,0,0,S,2015
26,SMU,6,Amer,27,7,17.51,113.1,37,95.6,40,63.1,250,-0.004,193,2.52,99,105.3,109,102.8,100,0.99,127,1,0,0,0,0,0,0,S,2015
193,Lafayette,16,Pat,20,13,-2.14,112.9,38,115.1,338,64.6,160,0.097,10,-4.01,246,103,215,107,272,-0.45,170,1,0,0,0,0,0,0,E,2015
50,St. John's,9,BE,21,12,13.7,110.7,62,97,55,66.7,61,0.05,65,8.72,24,109,20,100.3,36,-1.5,204,1,0,0,0,0,0,0,S,2015
27,Providence,6,BE,22,12,16.72,112.6,42,95.9,42,65.2,129,0.038,85,10.26,11,109.7,10,99.4,15,2.18,93,1,0,0,0,0,0,0,E,2015
30,VCU,7,A10,26,10,16.27,111.1,58,94.9,26,66.5,70,0.043,75,6.65,57,107.9,50,101.2,63,8.77,12,1,0,0,0,0,0,0,W,2015
36,Davidson,10,A10,24,8,15,119.7,9,104.7,176,66.7,62,0.056,53,3.16,93,105.3,108,102.2,87,-3.78,274,1,0,0,0,0,0,0,S,2015
38,Oklahoma St.,9,B12,18,14,14.92,111.8,51,96.8,53,63.3,238,-0.045,287,10.42,8,108.2,41,97.8,2,-1.65,208,1,0,0,0,0,0,0,W,2015
44,Purdue,9,B10,21,13,13.96,110.9,61,97,54,64.3,173,-0.006,201,7.45,44,109,17,101.6,75,-2.75,245,1,0,0,0,0,0,0,M,2015
35,Georgia,10,SEC,21,12,15.09,109.6,70,94.5,22,64.1,184,0.001,181,8.73,23,108.6,30,99.9,22,1.41,116,1,0,0,0,0,0,0,E,2015
51,Stephen F. Austin,12,Slnd,29,5,13.64,113.9,32,100.3,98,65.4,114,0.02,134,-5.56,299,102.2,260,107.7,306,0.63,135,1,0,0,0,0,0,0,S,2015
28,BYU,11,WCC,25,10,16.69,119.4,10,102.7,139,70.4,5,-0.055,307,3.96,83,107,74,103,105,3.78,51,1,0,0,0,0,0,0,W,2015
133,Eastern Washington,13,BSky,26,9,3.25,112.9,39,109.6,283,68.2,24,0.067,40,-3.75,241,104.2,148,108,317,3.94,48,1,0,0,0,0,0,0,S,2015
48,Indiana,10,B10,20,14,13.83,119.8,8,106,200,66.6,69,-0.044,284,6.92,51,107.8,52,100.9,50,-5.96,322,1,0,0,0,0,0,0,M,2015
24,Texas,11,B12,20,14,18.94,112.4,47,93.4,14,62,290,-0.079,329,9.52,20,108.3,33,98.8,8,-2.47,234,1,0,0,0,0,0,0,M,2015
46,Mississippi,11,SEC,21,13,13.88,114.5,28,100.6,104,66.2,78,-0.033,259,7.1,49,107.3,68,100.2,31,-1.19,193,1,0,0,0,0,0,0,W,2015
96,Wofford,12,SC,28,7,6.72,105.2,158,98.5,70,60.5,331,0.122,3,-3.98,245,104,158,108,318,6.79,18,1,0,0,0,0,0,0,W,2015
58,Buffalo,12,MAC,23,10,11.87,111.3,57,99.4,87,68.3,23,0.001,182,1.83,110,106,90,104.2,149,0.81,130,1,0,0,0,0,0,0,M,2015
49,LSU,9,SEC,22,11,13.76,108.9,81,95.1,32,69.3,12,-0.043,283,5.09,74,106.2,83,101.2,60,-4.77,301,1,0,0,0,0,0,0,E,2015
152,North Dakota St.,15,Sum,23,10,1.41,103.8,181,102.4,134,60.8,324,0.105,6,-4.21,257,102.9,221,107.1,275,-5.5,314,1,0,0,0,0,0,0,S,2015
64,Valparaiso,13,Horz,28,6,11.13,107.4,112,96.3,45,62.3,278,0.053,60,-2.06,191,104.2,153,106.3,242,-3.69,271,1,0,0,0,0,0,0,M,2015
117,Northeastern,14,CAA,23,12,5.12,108.3,93,103.1,148,63.3,237,0.025,122,-1.29,168,104.5,132,105.7,226,1.8,104,1,0,0,0,0,0,0,M,2015
75,Harvard,13,Ivy,22,8,9.23,104.8,165,95.6,39,61.1,317,0.091,13,-0.18,145,104.3,146,104.5,158,0.36,145,1,0,0,0,0,0,0,W,2015
184,Robert Morris,16,NEC,20,15,-1.39,103.1,197,104.5,172,65.4,118,0.055,54,-4.59,264,102.7,233,107.3,287,2.49,86,1,0,0,0,0,0,0,S,2015
98,New Mexico St.,15,WAC,23,11,6.63,107.4,111,100.8,106,63,254,-0.042,277,-5.37,290,101.1,310,106.5,254,1.78,105,1,0,0,0,0,0,0,M,2015
91,UC Irvine,13,BW,21,13,7.09,106.3,129,99.2,82,63.4,227,-0.022,231,0.9,127,104.7,123,103.8,128,2.29,90,1,0,0,0,0,0,0,E,2015
140,Coastal Carolina,16,BSth,24,10,2.38,106.7,119,104.3,170,64.1,190,0.006,171,-6.45,319,102.2,261,108.6,337,-1.05,187,1,0,0,0,0,0,0,W,2015
251,Hampton,16,MEAC,17,18,-7.4,96.6,303,104,164,69.2,15,0.031,105,-7.48,336,99.5,337,106.9,271,-0.55,176,1,0,0,0,0,0,0,M,2015
12,Kansas,2,B12,27,9,22.72,114.5,27,91.8,9,67,56,0.07,33,13.17,1,110.6,3,97.4,1,9.57,8,1,1,0,0,0,0,0,M,2015
33,Maryland,4,B10,28,7,15.68,111.3,56,95.7,41,63.9,199,0.127,2,7.15,48,108.3,37,101.1,57,-3.33,258,1,1,0,0,0,0,0,M,2015
22,Georgetown,4,BE,22,11,19.13,114.3,29,95.1,33,64,192,0,183,10.23,12,110.5,5,100.3,33,3.24,63,1,1,0,0,0,0,0,S,2015
18,Northern Iowa,5,MVC,31,4,20.98,116.3,18,95.3,36,58.2,348,0.018,140,1.42,116,104.4,137,103,104,0.61,137,1,1,0,0,0,0,0,E,2015
29,Arkansas,5,SEC,27,9,16.44,114.7,26,98.3,67,69.3,13,0.045,72,6.09,64,107.2,71,101.1,59,-3.44,263,1,1,0,0,0,0,0,W,2015
23,Iowa,7,B10,22,12,19.02,114.2,30,95.1,34,63.7,209,-0.007,203,8.58,25,108.9,21,100.4,38,-1.58,205,1,1,0,0,0,0,0,S,2015
31,San Diego St.,8,MWC,27,9,15.95,104.9,162,89,5,60.4,333,0.026,118,3.63,85,106.1,86,102.5,96,3.5,57,1,1,0,0,0,0,0,S,2015
20,Butler,6,BE,23,11,20.09,110.2,64,90.1,8,63.2,243,-0.023,233,9.72,17,110.6,4,100.9,48,0.69,133,1,1,0,0,0,0,0,M,2015
43,Cincinnati,8,Amer,23,11,14.15,108.2,94,94,17,59.8,339,-0.016,220,3.39,87,104.9,114,101.5,68,1.69,108,1,1,0,0,0,0,0,M,2015
45,Oregon,8,P12,26,10,13.88,115.2,23,101.3,114,66.6,68,0.119,5,7.28,46,108.4,32,101.1,53,-2.34,227,1,1,0,0,0,0,0,W,2015
19,Ohio St.,10,B10,24,11,20.75,115.6,22,94.8,25,65.2,132,-0.043,280,6.76,55,108.1,45,101.4,64,-7.41,334,1,1,0,0,0,0,0,W,2015
42,Dayton,11,A10,27,9,14.24,109.2,75,95,30,63.4,229,0.022,132,3.39,88,105.4,107,102,81,0.07,158,1,1,0,0,0,0,0,E,2015
5,Villanova,1,BE,33,3,30.65,122.7,4,92,12,64.2,183,0.031,104,7.67,41,108.2,42,100.6,43,0.23,152,1,1,0,0,0,0,0,E,2015
135,UAB,14,CUSA,20,16,3.06,104.9,163,101.9,126,64.7,151,0.025,119,0.29,136,103.9,163,103.6,121,3.4,61,1,1,0,0,0,0,0,S,2015
6,Virginia,2,ACC,30,4,30.06,115.6,21,85.5,2,58,349,0.023,128,8.21,32,108.5,31,100.3,37,0.46,142,1,1,0,0,0,0,0,E,2015
68,Georgia St.,14,SB,25,10,10.32,111.6,52,101.3,112,62.4,275,-0.003,192,-1.47,174,102.4,249,103.9,132,3.63,54,1,1,0,0,0,0,0,W,2015
11,Oklahoma,3,B12,24,11,22.8,112.5,46,89.7,7,66.7,63,-0.045,285,11,5,110.2,8,99.2,9,1.05,123,1,1,1,0,0,0,0,E,2015
8,Utah,5,P12,26,9,27.24,116.4,17,89.2,6,60.5,328,-0.054,301,8.19,33,108.8,26,100.6,44,0.6,138,1,1,1,0,0,0,0,S,2015
10,North Carolina,4,ACC,26,12,23.85,119.1,11,95.3,37,69.2,16,-0.026,244,12.76,2,111.1,1,98.3,3,7.64,15,1,1,1,0,0,0,0,W,2015
25,West Virginia,5,B12,25,10,17.64,112.6,43,94.9,29,67.9,28,0.087,15,9.56,19,108.9,24,99.3,13,-2.65,243,1,1,1,0,0,0,0,M,2015
21,Xavier,6,BE,23,14,19.49,116.6,15,97.1,56,65,137,-0.062,317,10.29,10,109.5,12,99.2,10,2.07,94,1,1,1,0,0,0,0,W,2015
13,Wichita St.,7,MVC,30,5,22.21,115.8,19,93.6,15,62.3,279,0.022,131,3.24,91,105.5,103,102.3,90,3.44,58,1,1,1,0,0,0,0,M,2015
40,UCLA,11,P12,22,14,14.65,112.9,40,98.2,66,65.8,101,0.032,100,8.4,27,107.9,49,99.5,18,2.63,82,1,1,1,0,0,0,0,S,2015
32,N.C. State,8,ACC,22,14,15.93,114.9,25,98.9,76,64.1,188,-0.003,191,9.84,16,109.3,15,99.5,16,-0.65,179,1,1,1,0,0,0,0,E,2015
9,Notre Dame,3,ACC,32,6,24.96,125.4,2,100.4,99,63.4,226,0.062,47,7.59,42,107.7,57,100.1,26,-11.62,347,1,1,1,1,0,0,0,M,2015
7,Gonzaga,2,WCC,35,3,27.78,121.7,5,93.9,16,64.7,154,0.018,138,4.37,80,107.3,67,102.9,103,3,66,1,1,1,1,0,0,0,S,2015
4,Arizona,2,P12,34,4,32.36,119.9,7,87.5,3,65.8,102,-0.033,258,7.37,45,108.3,38,100.9,49,0.09,157,1,1,1,1,0,0,0,W,2015
17,Louisville,4,ACC,27,9,21.21,110.2,66,88.9,4,64.6,155,0.027,115,9.69,18,109.5,11,99.8,19,-2.36,228,1,1,1,1,0,0,0,E,2015
1,Kentucky,1,SEC,38,1,36.91,121.3,6,84.4,1,62.4,274,0.048,68,8.58,26,108.7,27,100.1,27,3.13,64,1,1,1,1,1,0,0,M,2015
15,Michigan St.,7,B10,27,12,21.72,116.6,14,94.9,27,63.1,248,-0.017,222,10.49,7,110.3,7,99.8,20,-0.88,184,1,1,1,1,1,0,0,E,2015
2,Wisconsin,1,B10,36,4,33.72,129,1,95.2,35,58.7,345,0.015,146,11.03,4,109.8,9,98.8,7,5.3,29,1,1,1,1,1,1,0,W,2015
3,Duke,1,ACC,35,4,32.48,124.5,3,92,11,65.8,104,0.067,38,11.17,3,110.7,2,99.5,17,1.31,117,1,1,1,1,1,1,1,S,2015
1,Villanova,2,BE,35,5,32.01,122.8,3,90.8,5,66,274,0.023,114,10.74,13,110.5,19,99.7,9,2.98,83,1,1,1,1,1,1,1,S,2016
2,North Carolina,1,ACC,33,7,29.82,124.4,1,94.6,21,70.5,60,-0.055,305,11.45,8,111.7,4,100.2,18,3.13,77,1,1,1,1,1,1,0,E,2016
3,Kansas,1,B12,33,5,29.67,120,10,90.4,3,69,123,0.044,75,12.61,3,111.4,8,98.8,4,3.62,66,1,1,1,1,0,0,0,S,2016
4,Virginia,1,ACC,29,8,29.64,120.6,8,91,7,61.3,348,-0.04,278,12.67,2,112.1,2,99.5,6,4.98,38,1,1,1,1,0,0,0,M,2016
5,Michigan St.,2,B10,29,6,27.97,123.4,2,95.5,26,66.5,254,-0.012,210,7.19,57,107.5,73,100.3,22,0.4,157,1,0,0,0,0,0,0,M,2016
6,Kentucky,4,SEC,27,9,25.14,121.8,5,96.6,39,67.4,214,-0.046,288,8.37,44,108.6,58,100.3,19,3.19,75,1,1,0,0,0,0,0,E,2016
8,West Virginia,3,B12,26,9,24.45,115.3,27,90.9,6,69.5,104,0.003,171,11.24,9,110.9,11,99.6,7,0.72,149,1,0,0,0,0,0,0,E,2016
9,Purdue,5,B10,26,9,23.85,116.9,19,93.1,11,67.9,182,-0.046,286,7.43,56,109.1,46,101.7,66,-2.67,239,1,0,0,0,0,0,0,M,2016
10,Oklahoma,2,B12,29,8,23.78,117.9,16,94.1,17,69.8,88,0.082,29,13.05,1,111.5,6,98.5,3,2.7,87,1,1,1,1,1,0,0,W,2016
11,Indiana,5,B10,27,8,23.05,121.7,6,98.7,59,68.2,159,0,173,6.4,65,108.8,51,102.4,87,-3.12,258,1,1,1,0,0,0,0,E,2016
12,Oregon,1,P12,31,7,22.68,119.1,13,96.4,37,68.1,167,0.041,81,9.06,33,109,47,100,13,1.04,139,1,1,1,1,0,0,0,W,2016
13,Wichita St.,11,MVC,26,9,22.53,111.3,67,88.7,1,66,276,-0.079,333,3.61,88,104.8,154,101.2,51,6.45,24,1,1,0,0,0,0,0,S,2016
14,Xavier,2,BE,28,6,22.52,117.1,18,94.6,22,71.9,32,0.047,68,8.16,45,108.2,64,100,16,1.73,116,1,1,0,0,0,0,0,E,2016
15,Miami FL,3,ACC,27,8,22.44,119.4,11,96.9,42,65.9,284,0.077,33,11.67,6,111.6,5,99.9,11,2.63,90,1,1,1,0,0,0,0,S,2016
17,Duke,4,ACC,25,11,21.87,121.9,4,100,86,67.7,194,-0.026,248,11.23,10,112,3,100.7,35,3.52,69,1,1,1,0,0,0,0,W,2016
18,Texas A&M,3,SEC,28,9,21.26,113.8,37,92.5,9,67.1,230,0.006,162,8.48,42,109.6,36,101.1,50,3.15,76,1,1,1,0,0,0,0,W,2016
19,Arizona,6,P12,25,9,20.97,116.8,20,95.8,29,68.3,154,-0.038,272,6.66,63,107.9,67,101.3,54,-3.66,269,1,0,0,0,0,0,0,S,2016
20,Iowa St.,4,B12,23,12,20.95,121.2,7,100.3,91,71.2,49,-0.062,318,12.05,5,110.2,28,98.1,1,2.54,92,1,1,1,0,0,0,0,M,2016
21,Gonzaga,11,WCC,28,8,20.82,116.3,22,95.5,27,67.3,218,-0.038,273,3.51,90,107.3,77,103.8,118,6.12,25,1,1,1,0,0,0,0,M,2016
22,Maryland,5,B10,27,9,20.25,116.2,24,95.9,32,67.4,213,0.016,129,8.6,39,109.2,45,100.6,30,-1.86,218,1,1,1,0,0,0,0,S,2016
23,Iowa,7,B10,22,11,20.24,116.1,25,95.9,30,68.8,131,-0.071,327,9.12,30,110.2,26,101.1,49,1.28,132,1,1,0,0,0,0,0,S,2016
24,Baylor,5,B12,22,12,19.06,118.9,14,99.8,84,66.6,252,-0.012,211,11.21,11,109.7,34,98.4,2,-3.12,257,1,0,0,0,0,0,0,W,2016
26,Connecticut,9,Amer,25,11,18.71,111.9,59,93.2,12,65.9,277,-0.036,270,6.17,71,107.6,72,101.4,56,-0.91,187,1,1,0,0,0,0,0,S,2016
27,Syracuse,10,ACC,23,14,18.57,112.7,50,94.1,18,65,314,-0.027,249,10.21,18,110.9,12,100.7,33,-0.82,180,1,1,1,1,1,0,0,M,2016
28,California,4,P12,23,11,18.32,112.5,53,94.2,19,68.1,162,-0.053,300,7.65,52,109.4,40,101.8,70,-2.58,234,1,0,0,0,0,0,0,S,2016
29,Seton Hall,6,BE,25,9,18.27,111.1,72,92.9,10,69.7,92,0.016,132,8.55,41,108.5,61,100,14,-2.92,247,1,0,0,0,0,0,0,M,2016
30,Butler,9,BE,22,11,17.27,118,15,100.7,97,67.9,178,-0.009,201,8.1,47,108.5,62,100.4,25,-4.1,282,1,1,0,0,0,0,0,M,2016
31,VCU,10,A10,25,11,17.07,112.1,58,95,24,69.6,96,-0.07,326,3.82,87,107.3,76,103.5,111,0.95,142,1,1,0,0,0,0,0,W,2016
32,Cincinnati,9,Amer,22,11,17.06,111.2,70,94.1,16,64,333,-0.067,322,5.2,77,107.3,79,102.1,75,-1.21,197,1,0,0,0,0,0,0,W,2016
33,Utah,3,P12,27,9,16.79,115.6,26,98.8,60,65.3,305,0.112,9,9.79,21,109.8,33,100,12,1.9,114,1,1,0,0,0,0,0,M,2016
36,Notre Dame,6,ACC,24,12,16.6,120.6,9,104,158,64.6,324,0.054,54,10.75,12,111.3,9,100.5,29,-1.64,210,1,1,1,1,0,0,0,E,2016
37,Pittsburgh,10,ACC,21,12,16.6,114.9,28,98.3,53,65.3,303,-0.011,206,9.06,34,110.8,14,101.7,68,-7.02,324,1,0,0,0,0,0,0,E,2016
38,Wisconsin,7,B10,22,13,16.55,110.1,89,93.6,13,63.3,344,-0.022,235,9.57,25,110.3,24,100.7,36,1.24,134,1,1,1,0,0,0,0,E,2016
39,Texas,6,B12,20,13,16.19,113,49,96.8,40,65.3,306,0.022,118,12.54,4,111.5,7,99,5,5.55,31,1,0,0,0,0,0,0,W,2016
41,Stephen F. Austin,14,Slnd,28,6,15.62,112.2,57,96.6,38,67.3,217,0.007,159,-5.88,286,102.7,251,108.6,321,4.79,42,1,1,0,0,0,0,0,E,2016
43,Saint Joseph's,8,A10,28,8,15.37,114.3,32,98.9,63,70.2,78,0.03,95,4.66,80,107,85,102.3,82,1.97,109,1,1,0,0,0,0,0,W,2016
44,Providence,9,BE,24,11,14.49,110,92,95.5,28,68.4,150,0.062,42,8.93,36,109.5,39,100.6,32,-3.13,259,1,1,0,0,0,0,0,E,2016
47,Yale,12,Ivy,23,7,14.33,110.4,88,96,34,66,275,0.026,105,-0.85,169,105.5,122,106.4,209,-1,193,1,1,0,0,0,0,0,W,2016
49,USC,8,P12,21,13,14.25,113.9,35,99.7,80,71,54,-0.028,251,7.61,53,108.7,57,101.1,46,-1.65,211,1,0,0,0,0,0,0,E,2016
50,Michigan,11,B10,23,13,14.15,114.6,30,100.5,92,65.8,289,0.013,146,8.96,35,110.1,29,101.1,48,-2.15,226,1,0,0,0,0,0,0,E,2016
54,Texas Tech,8,B12,19,13,13.78,113.2,46,99.4,72,66,273,0.028,101,10.66,15,110.4,22,99.7,8,0.62,151,1,0,0,0,0,0,0,M,2016
56,Arkansas Little Rock,12,SB,30,5,13.24,109.2,98,96,33,63.4,342,0.056,52,-0.77,167,104.2,188,104.9,155,-0.2,171,1,1,0,0,0,0,0,M,2016
57,Colorado,8,P12,22,12,12.91,108.8,100,95.9,31,69,120,0.015,136,7.51,54,109.5,37,102,74,-2.15,227,1,0,0,0,0,0,0,S,2016
59,Dayton,7,A10,25,8,12.63,106.6,146,94,15,67.8,183,0.082,28,3.89,86,107.3,75,103.4,109,2.58,91,1,0,0,0,0,0,0,M,2016
60,Hawaii,13,BW,28,6,12.16,108.2,112,96.1,35,70.6,58,0.013,142,-2.32,204,102.5,258,104.9,149,-8.92,341,1,1,0,0,0,0,0,S,2016
64,Oregon St.,7,P12,19,13,11.65,110.7,77,99.1,66,67.1,229,0.043,78,9.61,24,109.8,32,100.2,17,0.46,155,1,0,0,0,0,0,0,W,2016
67,Northern Iowa,11,MVC,23,13,11.13,109.6,94,98.5,56,62.9,346,0.013,148,4.8,79,106.1,107,101.3,53,7.57,17,1,1,0,0,0,0,0,W,2016
80,South Dakota St.,12,Sum,26,8,9.57,111.4,66,101.8,117,68.3,157,0.004,168,-0.23,155,104.6,168,104.8,146,1.91,113,1,0,0,0,0,0,0,S,2016
83,UNC Wilmington,13,CAA,25,8,9.21,110.7,79,101.5,110,70.3,73,0.033,93,0.85,132,105.7,115,104.9,151,-3.9,271,1,0,0,0,0,0,0,W,2016
86,Temple,10,Amer,21,12,8.82,107,139,98.1,52,65.9,283,0.095,17,6.33,67,107.8,69,101.5,61,3.7,63,1,0,0,0,0,0,0,S,2016
94,Stony Brook,13,AE,26,7,8.13,107.3,132,99.1,67,67.2,228,0.049,63,-5.6,280,103.3,232,108.9,329,4.38,49,1,0,0,0,0,0,0,E,2016
104,Iona,13,MAAC,22,11,7.13,110.5,84,103.4,145,71.9,33,-0.005,190,-1.78,194,103.7,207,105.5,174,5.71,29,1,0,0,0,0,0,0,M,2016
108,Fresno St.,14,MWC,25,10,6.63,107.4,127,100.8,99,69,121,0.085,23,1.65,121,105.3,135,103.7,114,-2.89,244,1,0,0,0,0,0,0,M,2016
109,Chattanooga,12,SC,29,6,6.5,107.5,126,101,104,66.3,260,0.132,4,-3.18,219,104.4,174,107.6,274,-0.04,167,1,0,0,0,0,0,0,E,2016
110,Cal St. Bakersfield,15,WAC,24,9,6.26,104,181,97.8,50,67.6,201,-0.003,179,-6.5,302,100.6,316,107.1,242,-2.99,249,1,0,0,0,0,0,0,W,2016
119,Middle Tennessee,15,CUSA,25,10,4.76,104.6,173,99.9,85,67.6,200,0.088,21,-0.58,162,105.5,119,106.1,201,2.11,104,1,1,0,0,0,0,0,M,2016
127,Green Bay,14,Horz,23,13,3.74,108.3,111,104.6,172,76.2,6,0.057,51,0.11,146,104.4,180,104.3,133,1.92,110,1,0,0,0,0,0,0,W,2016
131,UNC Asheville,15,BSth,22,12,3.44,103.6,188,100.1,89,70.1,81,-0.008,197,-4.12,248,103.4,222,107.5,264,2.64,89,1,0,0,0,0,0,0,S,2016
138,Buffalo,14,MAC,20,15,2.95,105.9,158,102.9,134,72.1,27,0.044,76,0.97,131,106.5,95,105.6,177,2,107,1,0,0,0,0,0,0,S,2016
142,Weber St.,15,BSky,26,9,2.45,103.4,191,100.9,102,66.8,243,0.019,124,-5.67,282,103.3,228,109,333,1.16,137,1,0,0,0,0,0,0,E,2016
162,Florida Gulf Coast,16,ASun,21,14,-0.08,103.6,189,103.7,148,67,240,-0.038,274,-5.83,285,104.1,191,110,349,-1.87,219,1,0,0,0,0,0,0,E,2016
217,Austin Peay,16,OVC,18,18,-5.1,104.5,176,109.6,266,69.5,101,0.061,43,-2.92,213,105.1,149,108,292,-0.19,170,1,0,0,0,0,0,0,S,2016
248,Hampton,16,MEAC,21,11,-7.4,99.8,266,107.2,216,71.2,50,0.157,2,-9.75,341,98.9,342,108.7,325,1.91,112,1,0,0,0,0,0,0,M,2016
285,Holy Cross,16,Pat,15,20,-11.39,97.1,307,108.5,241,63.6,339,0.065,39,-6.09,290,101.9,288,108,294,-6.27,313,1,0,0,0,0,0,0,W,2016
1,Gonzaga,1,WCC,37,2,32.05,118.4,16,86.3,1,70.1,76,0.02,133,2.99,89,106.2,84,103.3,105,1.01,127,1,1,1,1,1,1,0,W,2017
2,Villanova,1,BE,32,4,29.88,122.4,3,92.5,12,64.1,324,0.01,166,9.33,33,109.8,38,100.5,32,3.55,61,1,1,0,0,0,0,0,E,2017
3,North Carolina,1,ACC,33,7,28.22,120.7,9,92.5,11,71.3,40,0.037,85,12.49,6,112,4,99.5,19,3.87,53,1,1,1,1,1,1,1,S,2017
4,Kentucky,2,SEC,32,6,27.72,119.1,12,91.4,7,72,26,0.006,175,10.98,19,110.5,24,99.5,15,3.74,56,1,1,1,1,0,0,0,S,2017
5,Florida,4,SEC,27,9,27.5,116.9,25,89.5,5,69,117,-0.041,286,12.46,7,110.3,28,97.8,2,8.19,15,1,1,1,1,0,0,0,E,2017
6,Kansas,1,B12,31,5,27.45,121.9,5,94.5,24,70.2,72,0.067,32,12.43,8,111.2,10,98.8,8,2.39,80,1,1,1,1,0,0,0,M,2017
7,West Virginia,4,B12,28,9,27.17,116.5,26,89.4,4,69.9,84,-0.043,289,10.84,21,110.1,34,99.2,12,-7.97,340,1,1,1,0,0,0,0,W,2017
8,Wichita St.,10,MVC,31,5,26.14,118.7,13,92.6,13,68,191,-0.021,238,1.5,102,105,130,103.5,110,-0.32,161,1,1,0,0,0,0,0,S,2017
9,Louisville,2,ACC,25,9,25.51,117.2,22,91.7,8,67.9,194,-0.023,244,11.14,17,111.6,7,100.5,33,4.2,48,1,1,0,0,0,0,0,M,2017
10,Oregon,3,P12,33,6,25.02,118.2,17,93.2,17,67,234,0.034,88,8.05,50,109.2,47,101.2,51,0.51,137,1,1,1,1,1,0,0,M,2017
11,SMU,6,Amer,30,5,24.73,119.8,10,95,27,63.5,333,0.003,183,3.25,88,105.3,117,102.1,70,-0.92,179,1,0,0,0,0,0,0,E,2017
12,Virginia,5,ACC,23,11,24.29,112.2,50,88,2,59.2,351,-0.03,258,11.68,10,111.5,8,99.8,22,2.29,82,1,1,0,0,0,0,0,E,2017
13,Baylor,3,B12,27,8,24.23,117.1,23,92.9,16,63.7,328,0.023,126,13.08,5,111.7,6,98.6,6,1.67,110,1,1,1,0,0,0,0,E,2017
14,Duke,2,ACC,28,9,24.17,121,6,96.8,47,68.3,175,0.014,150,11.43,12,111,13,99.6,21,0.03,153,1,1,0,0,0,0,0,E,2017
15,Saint Mary's,7,WCC,29,5,23.67,118.7,14,95,26,60.2,350,0.03,99,0.41,127,104.3,163,103.9,117,-4.13,277,1,1,0,0,0,0,0,W,2017
16,UCLA,3,P12,31,5,23.63,124,2,100.4,85,72.6,20,0.021,132,5.17,74,108,67,102.8,89,-4.66,291,1,1,1,0,0,0,0,S,2017
17,Iowa St.,5,B12,24,11,23.45,119.7,11,96.3,42,68.4,170,-0.019,234,14.05,3,112.6,2,98.6,5,-0.74,175,1,1,0,0,0,0,0,M,2017
18,Arizona,2,P12,32,5,23.31,118.4,15,95.1,29,66,277,0.046,66,7.13,59,108.7,56,101.5,60,1.69,107,1,1,1,0,0,0,0,W,2017
19,Purdue,4,B10,27,8,23.12,117,24,93.9,23,69.1,113,0.016,142,9,38,109.6,39,100.6,42,-2.38,224,1,1,1,0,0,0,0,M,2017
20,Michigan,7,B10,26,12,23.05,122.3,4,99.2,69,63.1,338,-0.025,252,10.76,23,110.3,26,99.5,18,-0.53,170,1,1,1,0,0,0,0,M,2017
21,Wisconsin,8,B10,27,10,22.99,115.1,33,92.1,9,63.4,334,-0.003,193,10,29,110.6,22,100.6,38,-1.29,193,1,1,1,0,0,0,0,E,2017
22,Oklahoma St.,10,B12,20,13,22.48,126,1,103.5,155,70.4,66,-0.071,324,14.42,1,112,5,97.6,1,3.07,67,1,0,0,0,0,0,0,M,2017
23,Cincinnati,6,Amer,30,6,22.18,114.9,34,92.8,15,63.5,330,0.026,116,4.17,80,107.1,75,103,94,-0.47,167,1,1,0,0,0,0,0,S,2017
24,South Carolina,7,SEC,26,11,20.8,108.9,91,88.1,3,68.6,145,-0.005,197,10.63,24,110.2,31,99.5,17,1.93,96,1,1,1,1,1,0,0,E,2017
25,Butler,4,BE,25,9,20.76,117.7,20,97,49,65.9,278,0.002,185,10.81,22,110.8,17,100,25,5.12,40,1,1,1,0,0,0,0,S,2017
26,Florida St.,3,ACC,26,9,20.06,115.5,31,95.5,31,71.3,41,0.039,78,8.82,40,110.6,19,101.8,68,-3.95,272,1,1,0,0,0,0,0,W,2017
27,Notre Dame,5,ACC,26,10,19.74,118.1,18,98.4,61,67,236,0.024,120,10.24,28,110.1,35,99.8,23,-3.85,270,1,1,0,0,0,0,0,W,2017
28,Creighton,6,BE,25,10,18.83,115.3,32,96.5,46,71.2,45,0.004,181,8.97,39,110.3,27,101.3,57,-1.24,192,1,0,0,0,0,0,0,M,2017
30,Kansas St.,11,B12,21,14,17.44,113,42,95.6,33,66.2,268,-0.029,256,11.56,11,110.6,20,99,11,-5.31,305,1,0,0,0,0,0,0,S,2017
31,Xavier,11,BE,24,14,16.7,115.7,29,99,67,67.2,223,0.044,71,11.73,9,111.2,9,99.5,16,5.32,38,1,1,1,1,0,0,0,W,2017
32,Marquette,10,BE,19,13,16.58,120.8,8,104.2,165,70.1,75,-0.058,311,9.03,37,109.1,50,100.1,27,-2.16,219,1,0,0,0,0,0,0,E,2017
33,Vanderbilt,9,SEC,19,16,16.53,112.4,48,95.9,38,65.8,285,-0.048,292,11.43,13,110.1,33,98.7,7,6.3,32,1,0,0,0,0,0,0,W,2017
34,Rhode Island,11,A10,25,10,16.26,111.5,57,95.2,30,66.4,262,-0.033,267,4.27,78,106.8,79,102.5,79,1.62,113,1,1,0,0,0,0,0,M,2017
35,Arkansas,8,SEC,26,10,16.25,116.1,28,99.8,76,69.7,87,0.086,9,8.37,45,108.6,59,100.2,28,-1.55,202,1,1,0,0,0,0,0,S,2017
37,Minnesota,5,B10,24,10,16,109.7,77,93.7,22,69.5,98,0.022,127,8.09,49,108.9,52,100.8,45,-1.81,209,1,0,0,0,0,0,0,S,2017
38,Northwestern,8,B10,24,12,15.81,111.3,59,95.5,32,65.6,292,0.019,135,8.32,46,109,51,100.7,43,-3.23,249,1,1,0,0,0,0,0,W,2017
39,Dayton,7,A10,24,8,15.57,111.9,53,96.3,43,68.4,163,-0.021,235,3.64,82,105.9,90,102.3,75,2.53,77,1,0,0,0,0,0,0,S,2017
40,Michigan St.,9,B10,20,15,15.51,111.4,58,95.9,37,66.9,241,-0.011,214,10.99,18,110.6,21,99.6,20,4.01,51,1,1,0,0,0,0,0,M,2017
42,Miami FL,8,ACC,21,12,15.03,109.9,76,94.9,25,63,339,0.031,98,9.39,32,110.7,18,101.3,58,-4.48,286,1,0,0,0,0,0,0,M,2017
43,Middle Tennessee,12,CUSA,31,5,14.95,112.2,51,97.2,53,64.6,311,0.011,162,-0.93,154,104.4,158,105.3,165,3.86,54,1,1,0,0,0,0,0,S,2017
46,Maryland,6,B10,24,9,14.34,113.1,41,98.7,64,67.2,219,0.061,39,7.74,54,108.3,62,100.6,40,-1.1,188,1,0,0,0,0,0,0,W,2017
48,VCU,10,A10,26,9,14.07,110.1,72,96,41,68.8,134,0.026,113,3.65,81,105.8,93,102.2,73,0.91,128,1,0,0,0,0,0,0,W,2017
50,Virginia Tech,9,ACC,22,11,13.8,117.3,21,103.5,156,68.4,167,0.053,51,8.23,47,110,36,101.7,65,-7.98,342,1,0,0,0,0,0,0,E,2017
51,Seton Hall,9,BE,21,12,13.63,109.4,84,95.8,34,67.5,214,0.058,43,9.65,31,110.2,29,100.6,37,-2.11,218,1,0,0,0,0,0,0,S,2017
53,USC,11,P12,26,10,13.45,114.2,38,100.7,91,68.7,138,0.079,16,5.49,71,108.8,54,103.3,106,-3.37,255,1,1,0,0,0,0,0,E,2017
54,Nevada,12,MWC,28,7,13.31,114.6,36,101.3,101,69.7,90,0.055,45,1.29,105,104.5,155,103.2,104,-1.12,189,1,0,0,0,0,0,0,M,2017
58,Princeton,12,Ivy,23,7,12.61,109,89,96.4,45,63.2,337,0.007,172,-1.08,157,103.9,187,105,144,2.17,86,1,0,0,0,0,0,0,W,2017
59,UNC Wilmington,12,CAA,29,6,12.46,118,19,105.5,193,70.3,67,0.039,76,0.4,128,105.1,123,104.7,139,2.17,87,1,0,0,0,0,0,0,E,2017
63,Vermont,13,AE,29,6,11.67,111.1,62,99.4,73,64.5,315,0.053,53,-4.42,263,103,234,107.4,282,1.65,112,1,0,0,0,0,0,0,M,2017
67,East Tennessee St.,13,SC,27,8,11.1,108,106,96.9,48,70.1,74,0.005,179,-1.17,163,105.4,106,106.6,240,0.38,143,1,0,0,0,0,0,0,E,2017
76,Bucknell,13,Pat,26,9,9.38,109.7,78,100.3,83,70,83,0.006,174,-3.62,241,101.4,298,105,145,0.89,129,1,0,0,0,0,0,0,W,2017
84,New Mexico St.,14,WAC,28,6,7.89,110.5,70,102.6,124,67.9,195,0.063,35,-4.52,267,101,307,105.6,174,-4.82,295,1,0,0,0,0,0,0,E,2017
108,Florida Gulf Coast,14,ASun,26,8,5.07,109.4,83,104.4,168,65.9,280,0.037,83,-4.8,275,103.7,194,108.5,328,2.14,90,1,0,0,0,0,0,0,W,2017
113,Winthrop,13,BSth,26,7,4.53,106.1,144,101.6,103,71.1,47,0.029,104,-7.13,320,100.7,316,107.8,305,1.93,97,1,0,0,0,0,0,0,S,2017
117,Iona,14,MAAC,22,13,4.2,110.8,67,106.6,211,70.6,60,0.013,158,-1.94,191,103.7,193,105.7,179,-0.05,157,1,0,0,0,0,0,0,M,2017
137,Troy,15,SB,22,15,2.04,109.7,79,107.6,232,68.1,182,-0.023,246,-2.86,219,102.4,263,105.3,161,-6.78,334,1,0,0,0,0,0,0,E,2017
138,Northern Kentucky,15,Horz,24,11,1.91,106.8,130,104.9,178,68,189,0.073,22,-3.35,234,102.9,242,106.3,224,-2.55,228,1,0,0,0,0,0,0,S,2017
141,Kent St.,14,MAC,22,14,1.68,104.9,159,103.3,142,68.3,176,0.024,122,-1.92,188,104.4,160,106.3,225,-5.91,316,1,0,0,0,0,0,0,S,2017
157,Jacksonville St.,15,OVC,20,15,0.63,105.8,147,105.2,186,63.6,329,0.028,107,-1.68,183,104.2,167,105.9,197,0.61,134,1,0,0,0,0,0,0,M,2017
168,North Dakota,15,BSky,22,10,0.04,103.6,188,103.5,157,71.5,35,0.048,61,-5.66,296,103,237,108.6,330,3.24,66,1,0,0,0,0,0,0,W,2017
185,South Dakota St.,16,Sum,18,17,-1.19,110.2,71,111.4,303,67.2,222,0.029,101,-0.59,145,104.9,137,105.5,171,1.66,111,1,0,0,0,0,0,0,W,2017
209,Mount St. Mary's,16,NEC,20,16,-3.86,99.5,269,103.4,151,66.8,245,0.074,20,-4.49,266,102,277,106.5,236,11.52,6,1,0,0,0,0,0,0,E,2017
212,Texas Southern,16,SWAC,23,12,-4.04,103.5,189,107.5,228,68.6,146,0.125,2,-8.49,330,100.2,327,108.7,331,12.68,3,1,0,0,0,0,0,0,S,2017
218,UC Davis,16,BW,23,13,-4.41,97.8,293,102.2,115,68.9,125,0.131,1,-5.31,288,100.8,313,106.1,215,-0.94,181,1,0,0,0,0,0,0,M,2017
1,Villanova, 1,BE,36,4,33.76,127.8,1,94,11,68.7,150,-0.018,225,11.31,6,111.3,10,100,12,3.98,61,1,1,1,1,1,1,1,E,2018
2,Virginia, 1,ACC,31,3,29.53,115.2,30,85.6,1,59.4,351,0.048,66,9.24,37,110,33,100.7,33,-0.08,158,1,0,0,0,0,0,0,S,2018
15,Xavier, 1,BE,29,6,21.51,120.1,8,98.6,57,70.5,62,0.091,17,9.35,35,109.9,37,100.6,29,1.84,108,1,1,0,0,0,0,0,W,2018
9,Kansas, 1,B12,31,8,23.49,120.9,5,97.4,47,68.8,144,0.076,23,12.41,2,111.7,3,99.3,3,3.55,70,1,1,1,1,1,0,0,M,2018
5,Purdue, 2,B10,30,7,26.27,122.7,2,96.4,31,67.2,223,0.006,163,9.02,41,109.1,51,100.1,14,0.69,144,1,1,1,0,0,0,0,E,2018
4,Cincinnati, 2,Amer,31,5,26.6,113.4,49,86.8,2,64.5,330,-0.019,230,3.46,87,106.9,89,103.4,90,-4.21,294,1,1,0,0,0,0,0,S,2018
8,North Carolina, 2,ACC,26,11,23.59,120.3,6,96.7,38,71.2,46,-0.011,207,13.26,1,111.6,5,98.3,1,7.58,17,1,1,0,0,0,0,0,W,2018
3,Duke, 2,ACC,29,8,28.86,122.4,3,93.6,9,69.7,93,-0.034,271,10.6,15,110.4,30,99.8,10,4.09,58,1,1,1,1,0,0,0,M,2018
11,Texas Tech, 3,B12,27,10,22.59,113.3,50,90.8,4,66.7,247,-0.007,195,10.31,19,110.7,23,100.4,25,-5.24,309,1,1,1,1,0,0,0,E,2018
13,Tennessee, 3,SEC,26,9,22.27,114.6,36,92.4,6,66,282,0.019,125,11.01,11,111.2,13,100.2,18,7.1,20,1,1,0,0,0,0,0,S,2018
7,Michigan, 3,B10,33,8,24.2,114.7,35,90.5,3,64.9,324,0.052,61,10.32,18,111.4,7,101.1,47,-4.83,301,1,1,1,1,1,1,0,W,2018
6,Michigan St., 3,B10,30,5,25.41,119.2,13,93.8,10,67,234,0.038,83,6.64,62,108.6,63,101.9,65,-5.03,303,1,1,0,0,0,0,0,M,2018
21,Wichita St., 4,Amer,25,8,19.03,121,4,101.9,111,68.6,162,-0.026,254,5.13,73,107.3,79,102.2,70,1.55,114,1,0,0,0,0,0,0,E,2018
28,Arizona, 4,P12,27,8,17.7,118,15,100.4,83,67.1,224,0.036,88,5.96,68,108.5,65,102.5,73,2.51,86,1,0,0,0,0,0,0,S,2018
10,Gonzaga, 4,WCC,32,5,23.03,118.1,14,95.1,18,69.4,107,0.009,153,1.57,108,106.4,102,104.8,128,3.12,78,1,1,1,0,0,0,0,W,2018
23,Auburn, 4,SEC,26,8,18.69,115.4,26,96.7,37,72.6,18,0.034,94,7.52,57,108.8,58,101.3,51,-1.86,211,1,1,0,0,0,0,0,M,2018
12,West Virginia, 5,B12,26,11,22.44,119.4,10,96.9,41,69.2,120,-0.014,214,10.59,16,109.9,38,99.3,2,-4.72,299,1,1,1,0,0,0,0,E,2018
17,Kentucky, 5,SEC,26,11,20.44,115.8,24,95.4,22,68.8,146,-0.008,199,10.91,12,110.8,22,99.8,11,4.67,44,1,1,1,0,0,0,0,S,2018
16,Ohio St., 5,B10,25,9,21.16,116,23,94.9,15,67,238,0.02,124,8.75,44,109.8,40,101.1,46,0.26,151,1,1,0,0,0,0,0,W,2018
14,Clemson, 5,ACC,25,10,21.65,114.2,44,92.6,7,66.1,274,-0.009,203,10.22,20,110.6,26,100.4,23,-1.91,214,1,1,1,0,0,0,0,M,2018
22,Florida, 6,SEC,21,13,18.96,114.5,41,95.5,24,67.1,226,-0.059,310,10.74,13,110.2,31,99.5,4,4.57,46,1,1,0,0,0,0,0,E,2018
37,Miami FL, 6,ACC,22,10,15.43,112.9,53,97.4,48,67,233,0.017,128,8.08,52,109.1,52,101,42,-3.82,284,1,0,0,0,0,0,0,S,2018
18,Houston, 6,Amer,27,8,20.24,114.6,38,94.4,13,68.4,167,-0.015,216,3.9,81,106.6,95,102.7,75,-3.08,254,1,1,0,0,0,0,0,W,2018
24,TCU, 6,B12,21,12,18.47,119.7,9,101.2,100,68.6,160,-0.067,322,9.67,29,110.7,24,101,43,-0.82,178,1,0,0,0,0,0,0,M,2018
44,Arkansas, 7,SEC,23,12,14.69,116.3,20,101.7,106,69.7,91,0.059,56,9.9,25,110.5,28,100.6,27,0.87,141,1,0,0,0,0,0,0,E,2018
25,Nevada, 7,MWC,29,8,18.39,120.2,7,101.8,108,69.4,105,-0.026,255,5.13,74,107,87,101.8,63,3.61,67,1,1,1,0,0,0,0,S,2018
29,Texas A&M, 7,SEC,22,13,16.96,111.3,66,94.4,14,69.5,101,0.014,140,11.69,4,111.8,2,100.1,15,5.12,37,1,1,1,0,0,0,0,W,2018
52,Rhode Island, 7,A10,26,8,13.93,111.1,69,97.2,46,68.4,173,0.063,44,3.49,85,107.6,75,104.1,107,3.83,64,1,1,0,0,0,0,0,M,2018
33,Virginia Tech, 8,ACC,21,12,16.03,115.3,28,99.3,70,68.7,147,-0.018,229,7.91,53,109.2,47,101.3,52,-9.76,344,1,0,0,0,0,0,0,E,2018
30,Creighton, 8,BE,21,12,16.91,115.5,25,98.6,58,70.8,57,-0.028,259,9.4,33,110.8,21,101.4,54,-4.2,292,1,0,0,0,0,0,0,S,2018
40,Missouri, 8,SEC,20,13,14.83,111.9,58,97,43,65.7,296,-0.025,249,9.55,32,109.8,41,100.2,19,1.07,132,1,0,0,0,0,0,0,W,2018
26,Seton Hall, 8,BE,22,12,18.04,116.9,17,98.8,62,69.5,103,-0.028,260,10.12,21,110.5,27,100.4,24,0,157,1,1,0,0,0,0,0,M,2018
57,Alabama, 9,SEC,20,16,13.41,108.7,106,95.2,20,68.7,151,0.017,130,11.17,8,110.9,19,99.7,7,2.54,84,1,1,0,0,0,0,0,E,2018
42,Kansas St., 9,B12,25,12,14.77,110.1,78,95.3,21,65.6,302,0.071,31,9.39,34,111,14,101.6,59,-6.5,324,1,1,1,1,0,0,0,S,2018
27,Florida St., 9,ACC,23,12,17.77,114.3,43,96.5,33,71.2,45,-0.029,261,9.27,36,109.6,45,100.3,20,-6.91,330,1,1,1,1,0,0,0,W,2018
46,N.C. State, 9,ACC,21,12,14.52,116.3,21,101.8,109,71.4,38,-0.001,178,7.71,55,108.6,62,100.9,39,-9.71,342,1,0,0,0,0,0,0,M,2018
20,Butler ,10,BE,21,14,19.05,116.2,22,97.2,45,67.6,207,-0.047,290,11.21,7,112,1,100.8,34,0.11,154,1,1,0,0,0,0,0,E,2018
36,Texas ,10,B12,19,15,15.43,109.5,89,94.1,12,65.2,316,-0.03,263,11.77,3,111.4,8,99.6,5,2.05,99,1,0,0,0,0,0,0,S,2018
63,Providence ,10,BE,21,14,12.17,108.9,100,96.7,36,67.1,227,0.074,28,10.58,17,111.6,4,101.1,45,-1.38,193,1,0,0,0,0,0,0,W,2018
48,Oklahoma ,10,B12,18,14,14.16,114.6,37,100.5,85,75.5,4,-0.008,198,11.68,5,111.3,11,99.6,6,2.13,96,1,0,0,0,0,0,0,M,2018
68,St. Bonaventure ,11,A10,26,8,11.21,110.8,74,99.5,74,69.4,104,0.078,21,2.8,94,107,86,104.2,111,1.17,127,1,0,0,0,0,0,0,E,2018
31,Loyola Chicago ,11,MVC,32,6,16.39,111.4,63,95,17,65.5,307,0.077,22,2.48,99,104.8,156,102.3,72,-5.47,315,1,1,1,1,1,0,0,S,2018
50,San Diego St. ,11,MWC,22,11,14.09,110.5,77,96.4,30,68.8,142,-0.032,265,3.46,86,107.2,80,103.8,96,-0.8,177,1,0,0,0,0,0,0,W,2018
41,Syracuse ,11,ACC,23,14,14.82,107,135,92.2,5,62.9,345,0.021,119,9.81,27,111.3,9,101.5,58,-0.2,163,1,1,1,0,0,0,0,M,2018
62,Murray St. ,12,OVC,26,6,12.19,112.9,54,100.7,93,67.2,222,0,176,-3.56,243,102.9,253,106.4,222,-0.99,185,1,0,0,0,0,0,0,E,2018
43,Davidson ,12,A10,21,12,14.7,117,16,102.3,120,64.5,332,-0.063,318,2.11,104,105.6,116,103.5,91,1.33,121,1,0,0,0,0,0,0,S,2018
78,South Dakota St. ,12,Sum,28,7,10.2,113.8,47,103.6,150,70.5,61,0.097,13,-0.09,141,105.8,113,105.9,188,3.59,68,1,0,0,0,0,0,0,W,2018
60,New Mexico St. ,12,WAC,28,6,12.92,107.9,116,95,16,68.5,165,0.027,106,-1.4,174,104,193,105.4,157,3.7,66,1,0,0,0,0,0,0,M,2018
105,Marshall ,13,CUSA,25,11,6.53,109.4,93,102.9,126,74.7,6,0.06,54,0.07,137,105.6,118,105.5,164,-7,333,1,1,0,0,0,0,0,E,2018
67,Buffalo ,13,MAC,27,9,11.53,114.7,34,103.2,135,72.7,16,0.006,158,-0.06,140,105.1,145,105.2,147,3.87,62,1,1,0,0,0,0,0,S,2018
82,UNC Greensboro ,13,SC,27,8,9.22,104.9,174,95.7,26,65.2,317,-0.024,244,-4.57,280,103.7,210,108.2,315,-3.46,272,1,0,0,0,0,0,0,W,2018
115,College of Charleston ,13,CAA,26,8,5.16,108.7,105,103.6,149,64.9,323,0.035,91,-4.06,257,104.8,153,108.9,332,-7.64,337,1,0,0,0,0,0,0,M,2018
112,Stephen F. Austin ,14,Slnd,28,7,5.58,104.5,181,99,64,71.1,49,0.031,97,-7.16,319,100.6,330,107.8,293,-2.26,225,1,0,0,0,0,0,0,E,2018
133,Wright St. ,14,Horz,25,10,2.89,100.6,249,97.7,51,68.3,176,0.074,27,-3.79,250,102.7,266,106.5,228,2.23,92,1,0,0,0,0,0,0,S,2018
72,Montana ,14,BSky,26,8,10.4,108.8,101,98.4,56,68,185,0,175,-1.96,186,104,192,106,192,2.09,98,1,0,0,0,0,0,0,W,2018
97,Bucknell ,14,Pat,25,10,7.31,109.5,90,102.2,116,71.4,40,0.006,160,-4.35,268,102.8,260,107.1,264,5.79,31,1,0,0,0,0,0,0,M,2018
162,Cal St. Fullerton ,15,BW,20,12,0.62,103.7,192,103.1,133,69.6,98,0.097,14,-1.2,167,103.8,204,105,139,2.76,83,1,0,0,0,0,0,0,E,2018
101,Georgia St. ,15,SB,24,11,6.92,108.8,102,101.9,110,66.8,246,-0.015,218,-2.51,207,103.4,229,105.9,186,-3.22,263,1,0,0,0,0,0,0,S,2018
167,Lipscomb ,15,ASun,23,10,0.43,103.2,203,102.8,125,74.9,5,0.112,7,-4.31,267,103.2,235,107.5,278,5.84,30,1,0,0,0,0,0,0,W,2018
137,Iona ,15,MAAC,20,14,2.63,110,80,107.3,218,70.7,58,-0.008,196,-2.12,195,103.1,240,105.2,151,2.14,95,1,0,0,0,0,0,0,M,2018
170,Radford ,16,BSth,23,13,0.07,102.9,212,102.9,127,63,344,0.063,45,-4.03,255,102.8,259,106.9,249,3.49,71,1,0,0,0,0,0,0,E,2018
166,UMBC ,16,AE,25,11,0.5,103.1,206,102.6,124,68.4,170,0.125,2,-4.38,269,102.7,267,107.1,259,-3.55,277,1,1,0,0,0,0,0,S,2018
243,Texas Southern ,16,SWAC,16,20,-6.65,104.6,180,111.2,299,71.7,31,-0.01,206,-6.3,304,101,318,107.3,271,17.2,1,1,0,0,0,0,0,0,W,2018
125,Penn ,16,Ivy,24,9,3.69,103.1,208,99.4,72,68.9,132,0.076,24,-4.15,261,103.7,209,107.8,296,-2.98,249,1,0,0,0,0,0,0,M,2018
1,Virginia,1,ACC,35,3,34.22,123.4,2,89.2,5,59.4,353,0.05,62,11.18,22,109.2,34,98.1,14,-3.24,255,1,1,1,1,1,1,1,S,2019
2,Gonzaga,1,WCC,33,4,32.85,124.5,1,91.6,12,70.2,62,-0.001,180,4.46,75,106.9,69,102.5,87,1.87,105,1,1,1,1,0,0,0,W,2019
3,Michigan St.,2,B10,32,7,30.81,121,5,90.2,9,66.9,211,0.001,177,13.67,2,110.6,7,96.9,1,3.24,82,1,1,1,1,1,0,0,E,2019
4,Duke,1,ACC,32,6,30.62,120,7,89.3,6,72.1,20,0.018,134,12.85,7,110.7,4,97.8,11,5.08,40,1,1,1,1,0,0,0,E,2019
5,Texas Tech,3,B12,31,7,30.03,114.1,25,84.1,1,66.6,231,0.004,171,11.18,21,109.8,19,98.7,22,-5.39,307,1,1,1,1,1,1,0,W,2019
6,Michigan,2,B10,30,7,28.32,114.5,24,86.2,2,64.8,317,-0.001,181,11.27,20,109.2,35,98,12,-5.42,309,1,1,1,0,0,0,0,W,2019
7,North Carolina,1,ACC,29,7,27.69,119.7,8,92,15,74.3,6,0.024,116,12.6,8,110.7,2,98.1,15,5.69,28,1,1,1,0,0,0,0,M,2019
8,Kentucky,2,SEC,30,7,27.57,117.6,14,90.1,8,65.6,284,0.033,98,11.32,19,110.7,5,99.4,34,1.75,107,1,1,1,1,0,0,0,M,2019
9,Purdue,3,B10,26,10,26.81,122.5,4,95.6,34,65.9,268,-0.015,224,13.16,4,110.3,13,97.1,3,4.09,55,1,1,1,1,0,0,0,S,2019
10,Tennessee,2,SEC,31,6,26.24,122.7,3,96.5,42,67.8,164,0.034,96,10.69,25,109.7,23,99,28,0.92,129,1,1,1,0,0,0,0,S,2019
11,Auburn,5,SEC,30,10,25,120.9,6,95.9,36,67.9,155,0.008,162,12.23,11,110.7,3,98.5,20,2.63,96,1,1,1,1,1,0,0,M,2019
12,Houston,3,Amer,33,4,24.13,115.3,19,91.2,11,66.1,260,0.039,86,4.45,76,105.7,92,101.3,62,-4.16,283,1,1,1,0,0,0,0,M,2019
13,Virginia Tech,4,ACC,26,9,24.07,118.1,11,94,20,63.7,334,-0.005,195,8.47,47,108.3,49,99.9,42,-6.26,325,1,1,1,0,0,0,0,E,2019
14,Florida St.,4,ACC,29,8,22.39,112.8,36,90.4,10,68.6,121,0.046,70,10.46,30,109.8,20,99.3,33,0.93,128,1,1,1,0,0,0,0,W,2019
15,Iowa St.,6,B12,23,12,22.09,118.9,9,96.8,47,67.7,171,-0.063,316,10.78,23,109.3,29,98.5,21,-1.56,206,1,0,0,0,0,0,0,M,2019
16,Wisconsin,5,B10,23,11,21.94,110.4,62,88.5,4,63.9,331,-0.018,228,12.97,6,110.3,14,97.3,6,3.14,87,1,0,0,0,0,0,0,S,2019
17,Kansas,4,B12,26,10,21.57,113.9,27,92.3,17,70.1,66,0.076,26,14.13,1,111.8,1,97.7,8,10.36,4,1,1,0,0,0,0,0,M,2019
18,Wofford,7,SC,30,5,20.69,118.1,10,97.4,56,65.7,278,0.046,68,1.82,97,106,83,104.2,144,8.37,6,1,1,0,0,0,0,0,M,2019
19,LSU,3,SEC,28,7,20.22,117.7,12,97.5,59,70,67,0.063,36,10.02,35,109.3,30,99.3,32,2.77,92,1,1,1,0,0,0,0,E,2019
20,Kansas St.,4,B12,25,9,20.06,108.4,98,88.4,3,63.4,339,0.049,65,10.22,32,109.3,31,99.1,29,-0.96,186,1,0,0,0,0,0,0,S,2019
21,Mississippi St.,5,SEC,23,11,20.04,117.7,13,97.6,61,67.8,161,-0.038,270,10.09,34,110.1,17,100,44,2.22,100,1,0,0,0,0,0,0,E,2019
22,Buffalo,6,MAC,32,4,19.85,115.2,21,95.4,31,73.6,11,0.056,50,3.14,89,105.5,100,102.4,82,1.15,121,1,1,0,0,0,0,0,W,2019
23,Louisville,7,ACC,20,14,19.35,113.7,28,94.4,24,67.2,199,-0.06,309,11.95,16,110.4,10,98.4,19,5.36,32,1,0,0,0,0,0,0,E,2019
24,Maryland,6,B10,23,11,19.29,113.4,31,94.1,21,66,264,-0.004,189,10.75,24,109.8,18,99.1,30,-4.92,299,1,1,0,0,0,0,0,E,2019
26,Florida,10,SEC,20,16,18.3,110.5,61,92.2,16,62.9,344,-0.063,315,12,14,110.7,6,98.7,23,5.12,39,1,1,0,0,0,0,0,W,2019
27,Nevada,7,MWC,29,5,18.18,114,26,95.9,35,69.3,91,0.033,99,1.42,103,105.4,111,103.9,130,1.79,106,1,0,0,0,0,0,0,W,2019
28,Oregon ,12,P12,25,13,17.86,109.5,74,91.7,13,64.2,328,-0.048,292,5.47,66,107.7,59,102.3,78,0.43,145,1,1,1,0,0,0,0,S,2019
29,Cincinnati ,7,Amer,28,7,17.5,112.3,42,94.8,28,63.4,338,0.05,64,5.12,67,107.1,66,102,73,-2.85,243,1,0,0,0,0,0,0,S,2019
30,Villanova ,6,BE,26,10,17.33,116.5,16,99.2,81,63.6,335,0.044,73,8,51,108.8,44,100.8,55,3.32,78,1,1,0,0,0,0,0,S,2019
31,Saint Mary's ,11,WCC,22,12,17.31,114.7,23,97.4,55,62.7,348,-0.045,285,3.66,82,106.6,76,103,100,-0.9,183,1,0,0,0,0,0,0,S,2019
32,Oklahoma ,9,B12,20,14,16.94,111.1,57,94.1,23,68.6,123,0.023,119,13.27,3,110.3,11,97.1,2,7.44,12,1,1,0,0,0,0,0,S,2019
33,Marquette ,5,BE,24,10,16.52,113.2,32,96.7,45,68.8,116,0.01,154,6.77,57,107.4,63,100.7,51,0.29,151,1,0,0,0,0,0,0,W,2019
34,UCF ,9,Amer,24,9,16.51,112.1,44,95.6,33,65,309,0.011,152,4.99,69,105.9,90,100.9,57,-3.71,264,1,1,0,0,0,0,0,E,2019
35,Baylor ,9,B12,20,14,16.48,115.3,20,98.8,75,65.2,297,-0.029,255,10.49,28,108.8,43,98.3,18,-4.04,276,1,1,0,0,0,0,0,W,2019
37,Iowa ,10,B10,23,12,16.02,117.4,15,101.3,111,69.5,84,0.05,63,10.64,26,108.9,42,98.3,16,-6.49,329,1,1,0,0,0,0,0,S,2019
38,Utah St. ,8,MWC,28,7,15.41,112.6,39,97.2,52,68.1,145,0.012,149,0.02,139,104.5,147,104.4,158,0.81,135,1,0,0,0,0,0,0,M,2019
39,Syracuse ,8,ACC,20,14,15.13,110.5,59,95.3,30,66.1,257,-0.004,188,9.4,38,108.6,46,99.2,31,0.17,156,1,0,0,0,0,0,0,W,2019
42,VCU,8,A10,25,8,14.89,104.3,177,89.5,7,68.4,136,0.007,164,1.37,105,105.2,120,103.8,123,3.6,67,1,0,0,0,0,0,0,E,2019
44,Ohio St. ,11,B10,20,15,14.66,109.1,84,94.4,25,65.8,274,0.013,147,11.68,17,110.4,8,98.8,24,-2.95,246,1,1,0,0,0,0,0,M,2019
46,Minnesota,10,B10,22,14,14.35,111.4,52,97,48,67.4,186,0.086,15,12.18,12,110.2,15,98,13,-2.91,244,1,1,0,0,0,0,0,E,2019
48,Washington,9,P12,27,9,14.28,107.7,110,93.5,18,66,262,0.088,13,6.06,61,107.6,62,101.5,64,2.73,93,1,1,0,0,0,0,0,M,2019
49,Belmont,11,OVC,27,6,14.09,115.6,18,101.5,117,71.3,34,0.025,113,-1.98,194,103.6,183,105.6,198,3.78,63,1,0,0,0,0,0,0,E,2019
50,Mississippi,8,SEC,20,13,13.98,113.2,33,99.2,80,68.5,131,-0.007,203,8.69,43,109.1,38,100.4,49,-1.11,191,1,0,0,0,0,0,0,S,2019
51,Murray St.,12,OVC,28,5,13.83,112.5,41,98.6,73,69.4,89,0.054,54,-3.32,233,103.1,222,106.4,228,-1.13,192,1,1,0,0,0,0,0,W,2019
53,New Mexico St.,12,WAC,30,5,13.62,113,35,99.3,84,65.9,269,0.042,79,-3.44,236,102.8,235,106.2,222,-3.22,254,1,0,0,0,0,0,0,M,2019
57,Arizona St. ,11,P12,23,11,11.55,109.7,73,98.2,64,70.8,47,0.051,59,5.56,65,107.3,64,101.7,66,1.55,112,1,0,0,0,0,0,0,W,2019
58,Liberty,12,ASun,29,7,11.54,111.1,54,99.6,87,62.3,349,0.009,158,-3.27,230,102.5,245,105.8,203,-3.2,252,1,1,0,0,0,0,0,E,2019
60,Seton Hall,10,BE,20,14,11.5,109,87,97.5,60,69.1,100,0.023,120,8.54,44,109.2,36,100.7,52,3.58,68,1,0,0,0,0,0,0,M,2019
73,UC Irvine,13,BW,31,6,9.16,107.4,118,98.2,65,65.3,293,0.11,8,-3.28,231,102.5,243,105.8,204,1.25,117,1,1,0,0,0,0,0,S,2019
76,Vermont ,13,AE,27,7,8.86,108.5,97,99.6,88,65.5,285,0.043,77,-5.55,281,100.7,311,106.2,221,3.2,85,1,0,0,0,0,0,0,W,2019
77,Yale,14,Ivy,22,8,8.79,111.6,51,102.8,141,71,41,0.041,80,-1.1,167,103,224,104.2,140,-2.09,222,1,0,0,0,0,0,0,E,2019
89,Northeastern,13,CAA,23,11,7.59,111,58,103.4,151,66.2,253,0.05,61,-0.63,157,106.3,78,106.9,259,6.45,23,1,0,0,0,0,0,0,M,2019
96,Northern Kentucky,14,Horz,26,9,7.14,109.4,76,102.3,130,68.2,143,-0.001,182,-3.37,234,103.6,186,107,262,-2.57,235,1,0,0,0,0,0,0,W,2019
106,Saint Louis,13,A10,23,13,6.02,102.2,214,96.2,40,66.4,239,0.044,74,0.49,126,104.4,150,103.9,129,-1.44,200,1,0,0,0,0,0,0,E,2019
113,Old Dominion,14,CUSA,26,9,5.45,101.4,238,96,38,64.5,324,0.058,49,-2.15,203,102.5,244,104.7,165,-6.06,322,1,0,0,0,0,0,0,S,2019
124,Georgia St. ,14,SB,24,10,4.85,107.7,111,102.8,143,70,69,0.143,2,1.09,115,105.2,121,104.1,137,3.5,70,1,0,0,0,0,0,0,M,2019
126,Colgate ,15,Pat,24,11,4.6,110.5,60,105.9,201,66.4,237,0.012,148,-3.83,250,102.4,254,106.3,223,0.84,131,1,0,0,0,0,0,0,S,2019
137,Montana ,15,BSky,26,9,3.53,107.4,114,103.9,155,66.9,220,0.059,45,-6.07,288,102.4,259,108.4,328,4.03,58,1,0,0,0,0,0,0,W,2019
152,Abilene Christian,15,Slnd,27,7,1.35,103.4,196,102,121,66.1,256,0.123,5,-8.67,341,100,326,108.7,336,-4.75,295,1,0,0,0,0,0,0,M,2019
161,Bradley,15,MVC,20,15,0.09,101.5,234,101.4,113,65.3,292,0.035,93,-1.66,183,102.6,242,104.3,147,-3.94,272,1,0,0,0,0,0,0,E,2019
163,Gardner Webb,16,BSth,23,12,-0.04,107.8,109,107.8,245,67.4,189,0.07,29,-3.55,239,103.2,210,106.8,248,-4.07,278,1,0,0,0,0,0,0,S,2019
198,Iona,16,MAAC,17,16,-2.88,106.9,129,109.7,276,70.6,51,-0.024,245,-6.27,290,100.5,314,106.8,251,0.44,144,1,0,0,0,0,0,0,M,2019
202,North Dakota St.,16,Sum,19,16,-3.2,107.4,117,110.6,292,65,312,0.064,34,-2.85,217,104.8,138,107.6,292,3.23,84,1,0,0,0,0,0,0,E,2019
211,Fairleigh Dickinson,16,NEC,21,14,-4.22,106.5,139,110.7,295,66.8,223,0.04,81,-8.16,338,99.5,335,107.7,296,-1.86,215,1,0,0,0,0,0,0,W,2019
